Model,Features,accuracy,f1_macro,precision_macro,recall_macro,precision_micro,recall_micro,f1_micro,type,precision_weighted,recall_weighted,f1_weighted,dataset
MLP,124,0.3019687560914483,0.2706028851629265,0.2903644950060963,0.2898305198560334,0.3019687560914483,0.3019687560914483,0.3019687560914483,deep,0.28341176027982407,0.3019687560914483,0.2756936246199084,marsyas
MLP,124,0.31934504747848846,0.3055429452424255,0.3192791101071645,0.31465137807785165,0.31934504747848846,0.31934504747848846,0.31934504747848846,wide,0.30901200388820554,0.31934504747848846,0.30321093120726206,marsyas
